group,count,odds_ratio,p_value,conf_int_low,conf_int_high,alternative
Purinergic_DE,0,0,0.2837240775385106,0,3.743460109149373,two.sided
Purinergic_notDE,3,0,0.2837240775385106,0,3.743460109149373,two.sided
NonPurinergic_DE,305,0,0.2837240775385106,0,3.743460109149373,two.sided
NonPurinergic_notDE,469,0,0.2837240775385106,0,3.743460109149373,two.sided
